{"composition": {"Li": 1.2, "Mn": 0.56, "Zr": 0.08, "Nb": 0.16, "O": 2.0}, "electrode_mass(g)": 0.00155, "active_mass(g)": 0.0010849999999999998, "test_current(mA/g)": 200.0, "low_voltage(V)": 1.5, "high_voltage(V)": 4.7, "discharge_list_exp": [{"cycle_num": 1, "V_exp": [1.5386145114898682, 1.556551456451416, 1.5753037929534912, 1.5945452451705933, 1.6146020889282227, 1.635148048400879, 1.6565093994140625, 1.6790121793746948, 1.7021671533584595, 1.725648283958435, 1.749944806098938, 1.7747304439544678, 1.8003313541412354, 1.826095461845398, 1.8523486852645874, 1.8787649869918823, 1.905670404434204, 1.93241286277771, 1.9591552019119263, 1.9860607385635376, 2.012803077697754, 2.0398716926574707, 2.066777229309082, 2.0933566093444824, 2.1199357509613037, 2.146515130996704, 2.1730945110321045, 2.1995108127593994, 2.2259271144866943, 2.251854181289673, 2.2774553298950195, 2.303382396697998, 2.3286571502685547, 2.353768825531006, 2.378554582595825, 2.40350341796875, 2.427473545074463, 2.451443910598755, 2.4749250411987305, 2.4977540969848633, 2.520582914352417, 2.5425965785980225, 2.564283847808838, 2.5859713554382324, 2.607332706451416, 2.6275525093078613, 2.6480984687805176, 2.668318510055542, 2.68772292137146, 2.7069644927978516, 2.7258799076080322, 2.7446322441101074, 2.762895345687866, 2.780832290649414, 2.798769235610962, 2.8158910274505615, 2.8331756591796875, 2.8501343727111816, 2.8667666912078857, 2.883073091506958, 2.899216413497925, 2.914870500564575, 2.93036150932312, 2.945852518081665, 2.960691213607788, 2.9753670692443848, 2.989879608154297, 3.0045554637908936, 3.0185787677764893, 3.0327653884887695, 3.046625852584839, 3.0606491565704346, 3.074509620666504, 3.0882070064544678, 3.102067470550537, 3.1159276962280273, 3.1297881603240967, 3.143974781036377, 3.158487319946289, 3.1730000972747803, 3.1878387928009033, 3.202840566635132, 3.2181684970855713, 3.2336597442626953, 3.2496397495269775, 3.2657830715179443, 3.2824156284332275, 3.2997002601623535, 3.317800283432007, 3.3359005451202393, 3.354815721511841, 3.3743834495544434, 3.394766330718994, 3.416290760040283, 3.438467502593994, 3.4619486331939697, 3.487386465072632, 3.514292001724243, 3.5441324710845947, 3.576582193374634, 3.6142499446868896, 3.6600706577301025], "Q_exp": [115.6908553714286, 114.57811176405534, 113.4654039041475, 112.35270014377882, 111.24082229308759, 110.12898220184333, 109.01626190875578, 107.90355241474657, 106.79168000460831, 105.67894920092168, 104.56710236129034, 103.45526642672813, 102.34259792258065, 101.22982296313366, 100.11709728294933, 99.00438904055301, 97.89166656958527, 96.7789396543779, 95.66710356036867, 94.55438822949311, 93.44167622580646, 92.32895705529954, 91.21623057142858, 90.10349543133641, 88.99078172626729, 87.87807347281107, 86.76535904331797, 85.6526360700461, 84.53991823594471, 83.42719718894011, 82.31451234746545, 81.20178921013826, 80.08904642304148, 78.97632689400925, 77.86364048847928, 76.75092006451614, 75.63819975391706, 74.52635637972352, 73.41362157419357, 72.30090229769586, 71.18903269769586, 70.07631703410141, 68.96360263870969, 67.85179226728113, 66.73989855668204, 65.627187521659, 64.51532375391706, 63.40268813179724, 62.28991254654378, 61.178074168663606, 60.06530634930876, 58.95257969585255, 57.840731952073746, 56.72886259907835, 55.61612631152075, 54.50338134746545, 53.391516121658995, 52.27877867465438, 51.16603405622121, 50.05417937695853, 48.942309744700474, 47.82955602672812, 46.71682876221199, 45.60409295391706, 44.49135987741936, 43.37949771059908, 42.26763439631337, 41.15575951152075, 40.04388668479263, 38.93201025437789, 37.82015333456222, 36.708267601843325, 35.59570253917051, 34.48452882027651, 33.37265860921659, 32.25993023686637, 31.147274055299544, 30.036188185253465, 28.924327973271897, 27.81161388755761, 26.698859915207375, 25.586142436866364, 24.473410978801848, 23.360663451612908, 22.247923045161293, 21.13520839815669, 20.022469144700466, 18.909747287557607, 17.797071013824887, 16.684249144700466, 15.572382854377883, 14.459631468202767, 13.347770442396316, 12.235024337327191, 11.123131425806454, 10.011248531797238, 8.899368718894012, 7.7866214138248875, 6.673873156682029, 5.5611246350230426, 4.4483616230414755, 3.3364799456221204]}, {"cycle_num": 2, "V_exp": [1.5343748331069946, 1.5528010129928589, 1.5715532302856445, 1.5914469957351685, 1.6126452684402466, 1.635148048400879, 1.6583030223846436, 1.6822733879089355, 1.7073851823806763, 1.7333122491836548, 1.7594023942947388, 1.7867971658706665, 1.8141918182373047, 1.8424017429351807, 1.8709379434585571, 1.899474024772644, 1.9281731843948364, 1.9570354223251343, 1.9857345819473267, 2.014596939086914, 2.0432960987091064, 2.071342945098877, 2.0993897914886475, 2.127762794494629, 2.155320644378662, 2.18271541595459, 2.210273027420044, 2.2368524074554443, 2.2632687091827393, 2.2893588542938232, 2.3152859210968018, 2.3408868312835693, 2.366161823272705, 2.3912734985351562, 2.4154069423675537, 2.4393773078918457, 2.4631845951080322, 2.4861764907836914, 2.509331464767456, 2.531508207321167, 2.5535216331481934, 2.5750460624694824, 2.596081256866455, 2.6166272163391113, 2.636521100997925, 2.6565778255462646, 2.6758193969726562, 2.6948978900909424, 2.7133240699768066, 2.73142409324646, 2.7488718032836914, 2.7664825916290283, 2.783604383468628, 2.8003997802734375, 2.8170323371887207, 2.8331756591796875, 2.8496451377868652, 2.8652992248535156, 2.880300998687744, 2.895465850830078, 2.9104678630828857, 2.9251434803009033, 2.9396560192108154, 2.954005718231201, 2.968355417251587, 2.9820525646209717, 2.995913028717041, 3.0094473361968994, 3.0231447219848633, 3.036515951156616, 3.04988694190979, 3.063258171081543, 3.076303243637085, 3.089674472808838, 3.1032087802886963, 3.1164169311523438, 3.129951238632202, 3.1434855461120605, 3.1568567752838135, 3.1707170009613037, 3.184577465057373, 3.1990902423858643, 3.2132766246795654, 3.227626323699951, 3.2423019409179688, 3.2569777965545654, 3.2724688053131104, 3.2879598140716553, 3.304103136062622, 3.3208985328674316, 3.337531089782715, 3.354815721511841, 3.3719375133514404, 3.3900375366210938, 3.408789873123169, 3.4280314445495605, 3.4480881690979004, 3.4689602851867676, 3.4901585578918457, 3.512498140335083, 3.536142349243164, 3.561091184616089, 3.5876705646514893, 3.6166958808898926, 3.648982286453247, 3.6855087280273438, 3.7298619747161865],