{"composition": {"Li": 1.2, "Mn": 0.6, "Nb": 0.2, "O": 2.0}, "electrode_mass(g)": 0.00204, "active_mass(g)": 0.001428, "test_current(mA/g)": 200.0, "low_voltage(V)": 1.5, "high_voltage(V)": 4.7, "discharge_list_exp": [{"cycle_num": 1, "V_exp": [1.5748655796051025, 1.6072008609771729, 1.6411609649658203, 1.6767460107803345, 1.7139558792114258, 1.7523032426834106, 1.7919504642486572, 1.8324100971221924, 1.8733572959899902, 1.914954423904419, 1.9568763971328735, 1.99863600730896, 2.040395736694336, 2.08166766166687, 2.1221275329589844, 2.1619372367858887, 2.2006094455718994, 2.238469362258911, 2.2751917839050293, 2.3106143474578857, 2.344411849975586, 2.3769097328186035, 2.407782554626465, 2.437030553817749, 2.464653491973877, 2.4909768104553223, 2.516324996948242, 2.5397233963012695, 2.562471866607666, 2.5835952758789062, 2.603581428527832, 2.6224300861358643, 2.640791416168213, 2.6578526496887207, 2.6741015911102295, 2.6900253295898438, 2.7048118114471436, 2.719273328781128, 2.7330849170684814, 2.7467339038848877, 2.759570598602295, 2.771594762802124, 2.7841062545776367, 2.795318126678467, 2.8065297603607178, 2.8174164295196533, 2.828303337097168, 2.8383774757385254, 2.848451852798462, 2.8578760623931885, 2.8676254749298096, 2.8767249584198, 2.8854992389678955, 2.894111156463623, 2.9027230739593506, 2.911334991455078, 2.919296979904175, 2.9272587299346924, 2.9348957538604736, 2.942695379257202, 2.9503321647644043, 2.9579691886901855, 2.965118646621704, 2.97243070602417, 2.9797427654266357, 2.9864046573638916, 2.9930667877197266, 2.9998912811279297, 3.006715774536133, 3.013702869415283, 3.0206897258758545, 3.0271894931793213, 3.0332014560699463, 3.039700984954834, 3.0460381507873535, 3.052212715148926, 3.058387279510498, 3.0640742778778076, 3.0700864791870117, 3.076261043548584, 3.0825979709625244, 3.0884475708007812, 3.0946221351623535, 3.1004717350006104, 3.10680890083313, 3.1124958992004395, 3.1186704635620117, 3.124195098876953, 3.1302073001861572, 3.1365442276000977, 3.1425564289093018, 3.1490559577941895, 3.15539288520813, 3.1612424850463867, 3.167254686355591, 3.1735916137695312, 3.179441213607788, 3.1856157779693604, 3.1916279792785645, 3.1978025436401367, 3.203977108001709, 3.2101516723632812, 3.2169761657714844, 3.223313331604004, 3.230137825012207, 3.2366373538970947, 3.2432992458343506, 3.24963641166687, 3.257110834121704, 3.2640979290008545, 3.271084785461426, 3.2782344818115234, 3.2857089042663574, 3.2931833267211914, 3.300982713699341, 3.308619737625122, 3.3165817260742188, 3.3245437145233154, 3.3326680660247803, 3.340792417526245, 3.3494043350219727, 3.3581788539886475, 3.366790771484375, 3.375727653503418, 3.385314464569092, 3.3942513465881348, 3.404325485229492, 3.4143998622894287, 3.424311637878418, 3.43471097946167, 3.4455976486206055, 3.4561595916748047, 3.466883659362793, 3.478257894515991, 3.490119695663452, 3.501818895339966, 3.513843059539795, 3.5261921882629395, 3.5388662815093994, 3.551865339279175, 3.564702033996582, 3.577376127243042, 3.590862512588501, 3.604186773300171, 3.61767315864563, 3.6316473484039307, 3.6456212997436523, 3.6600828170776367, 3.674544334411621, 3.6898181438446045, 3.7054171562194824, 3.721666097640991, 3.7384023666381836, 3.755788564682007, 3.773987293243408, 3.792348623275757, 3.81184720993042, 3.8315083980560303, 3.8527944087982178, 3.8752176761627197, 3.8997535705566406, 3.926239252090454, 3.9572746753692627, 3.9938344955444336], "Q_exp": [184.70056608333334, 183.5879073627451, 182.4752132247899, 181.3625527892157, 180.2498780217087, 179.13720670518208, 178.02453258123248, 176.91185918347338, 175.79918521778708, 174.68650669257704, 173.57382810224087, 172.46115755812323, 171.34847127030815, 170.23579393067226, 169.12311363445377, 168.01039910714286, 166.89775855112046, 165.7850633977591, 164.6723839362745, 163.55970929131652, 162.44703009803922, 161.33433404481792, 160.22165370868348, 159.10898139215683, 157.9962957219888, 156.88361997268908, 155.7709467282913, 154.65826756792717, 153.5455948053221, 152.43291197128852, 151.320231302521, 150.20756602661064, 149.09489282282914, 147.98221828991595, 146.86955332282912, 145.7568582633053, 144.64418218627452, 143.53149834663864, 142.41881865616247, 141.30614528571428, 140.19345346008402, 139.08078682072826, 137.96809360224088, 136.8554068242297, 135.74273711064427, 134.63005692927172, 133.5173810812325, 132.40470957142855, 131.29203517857144, 130.1793523683473, 129.06666140056024, 127.95398635364144, 126.84130014495798, 125.72861594047619, 124.6159385315126, 123.50326581022408, 122.39059374089636, 121.27878699719888, 120.1661032079832, 119.05342550630252, 117.94075206442578, 116.82807633823529, 115.71535400140056, 114.60270113445377, 113.49002907843136, 112.37735793067228, 111.2646925735294, 110.1520171687675, 109.03934078081232, 107.92668216456582, 106.81398653081234, 105.70130355182073, 104.58862404761904, 103.47595153081234, 102.36329297408962, 101.2506004964986, 100.13792550490196, 99.02524904061625, 97.912574482493, 96.79990615336136, 95.68723034593837, 94.57454644677871, 93.4618742815126, 92.34919234383754, 91.23650154831934, 90.12383669957983, 89.01116560364144, 87.89849775630253, 86.78582137324929, 85.67314887535014, 84.56047870518208, 83.44782422058823, 82.33514605462184, 81.22249953011206, 80.10982838935574, 78.99715685784314, 77.88448890686274, 76.7718162780112, 75.6591450812325, 74.54648105462185, 73.43381556652662, 72.32115404551821, 71.2084798417367, 70.09581600630251, 68.98315962885154, 67.87050199649859, 66.75784552591037, 65.64518690546218, 64.53251314985994, 63.419821359243706, 62.30719886204482, 61.194533233193276, 60.081879609943975, 58.969220737394956, 57.85656949579832, 56.74393719467786, 55.63125864355742, 54.51860602380952, 53.40595135994398, 52.29328599089635, 51.18149208893557, 50.0688195105042, 48.956164654061624, 47.84350286764706, 46.730831932773114, 45.61816827310924, 44.50550969327731, 43.392850051120455, 42.28018448669468, 41.16751549089636, 40.05484840196078, 38.94218343137255, 37.829525907563024, 36.71685754131652, 35.604197971288514, 34.491542898459386, 33.37886309803922, 32.26619660294117, 31.153527592436976, 30.04086758123249, 28.928191880952383, 27.815528682072827, 26.70285881722689, 25.590190074229692, 24.477518491596637, 23.364850000700276, 22.252184707282915, 21.139522040616242, 20.026871708683476, 18.914186598739494, 17.8015192535014, 16.688848087535014, 15.576182331932774, 14.463511735994398, 13.350833899159662, 12.238168014705883, 11.125471495798319, 10.012836691876752, 8.90016130532213, 7.787499112044818, 6.674837511904761, 5.562172172969189, 4.4495159285714285, 3.3368674754901964]}]}