{"composition": {"Li": 1.2, "Mn": 0.467, "Zr": 0.267, "Nb": 0.067, "O": 2.0}, "electrode_mass(g)": 0.00166, "active_mass(g)": 0.0011619999999999998, "test_current(mA/g)": 200.0, "low_voltage(V)": 1.5, "high_voltage(V)": 4.7, "discharge_list_exp": [{"cycle_num": 1, "V_exp": [1.6258320808410645, 1.6705553531646729, 1.7165844440460205, 1.764572262763977, 1.8151715993881226, 1.868219256401062, 1.923715353012085, 1.982802391052246, 2.0453169345855713, 2.110443353652954, 2.178670883178711, 2.248204231262207, 2.317410945892334, 2.384822368621826, 2.4486429691314697, 2.5077297687530518, 2.560940742492676, 2.608928680419922, 2.6521828174591064, 2.692988872528076, 2.732978582382202, 2.772641897201538, 2.8114891052246094, 2.849193811416626, 2.886408805847168, 2.9224812984466553, 2.9582273960113525, 2.993157148361206, 3.0284135341644287, 3.0639963150024414, 3.099905490875244, 3.136794090270996, 3.1753149032592773, 3.216447353363037, 3.261007308959961, 3.3119330406188965], "Q_exp": [42.25663800000001, 41.144636941480215, 40.03260697074011, 38.920587138554225, 37.8085680120482, 36.696547094664375, 35.58453130722893, 34.47251740275388, 33.36050924698795, 32.24847813597247, 31.136470290877803, 30.024441018072295, 28.91242126678142, 27.800405241824446, 26.688384741824443, 25.576383177280555, 24.464356882960416, 23.352351847676424, 22.240343539586924, 21.128336819277113, 20.016331394148025, 18.904306977624785, 17.7922986222031, 16.68026712392427, 15.568243612736664, 14.45622836402754, 13.344213049913943, 12.232192740963857, 11.120187089500861, 10.008156112736662, 8.896135212564545, 7.7841116445783145, 6.672095811531843, 5.5600875335628235, 4.448064203958692, 3.3360349449225475]}, {"cycle_num": 2, "V_exp": [1.601838231086731, 1.6545594930648804, 1.7108715772628784, 1.7709379196166992, 1.8345952033996582, 1.9018434286117554, 1.9725192785263062, 2.0462963581085205, 2.1210527420043945, 2.1962990760803223, 2.271545171737671, 2.3453221321105957, 2.4153451919555664, 2.481287717819214, 2.543149471282959, 2.6006040573120117, 2.654794454574585, 2.705557107925415, 2.753871202468872, 2.7997372150421143, 2.844297170639038, 2.887388229370117, 2.9293367862701416, 2.9704689979553223, 3.0117647647857666, 3.053060293197632, 3.095498561859131, 3.13956880569458, 3.1857612133026123, 3.235544443130493, 3.2910404205322266], "Q_exp": [36.696708196213436, 35.58468988123925, 34.47269578141136, 33.360650280550786, 32.2486188666093, 31.13659193201377, 30.024580369191053, 28.912562814113603, 27.80054280636833, 26.68852205507746, 25.576493542168677, 24.464478519793463, 23.352465537865754, 22.240425763339072, 21.12841068158348, 20.016420364888127, 18.904418868330467, 17.79237482702238, 16.68034748795181, 15.568270757314977, 14.45629706282272, 13.344260034423408, 12.23226249483649, 11.120224742685028, 10.00819132444062, 8.896166201376936, 7.7841504182444075, 6.672132922547333, 5.560100054216868, 4.4480675447504305, 3.336040585197935]}, {"cycle_num": 3, "V_exp": [1.6521110534667969, 1.7149522304534912, 1.7826900482177734, 1.8563039302825928, 1.934324860572815, 2.015936851501465, 2.0982015132904053, 2.1798133850097656, 2.2597930431365967, 2.337324380874634, 2.4114279747009277, 2.481287717819214, 2.5464138984680176, 2.607459545135498, 2.6645877361297607, 2.718778133392334, 2.7700304985046387, 2.818997383117676, 2.8663322925567627, 2.9126880168914795, 2.9579010009765625, 3.0034403800964355, 3.049469470977783, 3.09713077545166, 3.147566795349121, 3.2014307975769043, 3.2608442306518555], "Q_exp": [32.24875252495697, 31.136796834767644, 30.024749362306377, 28.912725124784856, 27.80069276592083, 26.688671320137697, 25.576637519793465, 24.464618030120484, 23.35257373924269, 22.240539351118763, 21.128503410499142, 20.016483081755595, 18.90445840361446, 17.79243760068847, 16.680454651463, 15.568393201376939, 14.456365066265061, 13.344339252151466, 12.232314761617902, 11.120281748709125, 10.008261026678143, 8.896228722030983, 7.784196305507746, 6.67216710240964, 5.560134879518073, 4.44809375989673, 3.3360766049913946]}, {"cycle_num": 4, "V_exp": [1.6269745826721191, 1.6919376850128174, 1.7617974281311035, 1.8368803262710571, 1.9173496961593628, 2.0010833740234375, 2.085796594619751, 2.1695303916931152, 2.2517950534820557, 2.3314483165740967, 2.4073472023010254, 2.4786760807037354, 2.546250581741333, 2.609255075454712, 2.6681787967681885, 2.724327802658081, 2.7770490646362305, 2.8281381130218506, 2.877431631088257, 2.9255826473236084, 2.9732439517974854, 3.0212316513061523, 3.071014881134033, 3.1230833530426025, 3.179232358932495, 3.2412571907043457], "Q_exp": [31.137087917383823, 30.02503001290878, 28.91299508347677, 27.800965294320143, 26.68892796471601, 25.57688510154906, 24.464851687607577, 23.3528256454389, 22.24078902065405, 21.128746718588644, 20.01672021858864, 18.904673589500863, 17.791768433734944, 16.680619268502582, 15.568579958691913, 14.456539634251293, 13.343638259036144, 12.232455050774528, 11.120420899311533, 10.008370561962135, 8.896329891566266, 7.784289954388985, 6.672243870912221, 5.5602000266781415, 4.4481440628227205, 3.336094212564544]}, {"cycle_num": 5, "V_exp": [1.6227308511734009, 1.6896525621414185, 1.7604916095733643, 1.8360642194747925, 1.9173496961593628, 2.0025525093078613, 2.0887346267700195, 2.173774003982544, 2.256855010986328, 2.3369977474212646, 2.413712978363037, 2.486021041870117, 2.554574966430664, 2.6187219619750977, 2.6786251068115234, 2.735753297805786, 2.7899436950683594, 2.8423385620117188, 2.8932642936706543, 2.9432108402252197, 2.993483543395996, 3.0452256202697754, 3.098926305770874, 3.1568706035614014, 3.2211806774139404], "Q_exp": [30.02495307228916, 28.912854092943203, 27.800890389845097, 26.68887643717729, 25.576824951807232, 24.463934175559388, 23.352773748709122, 22.24073481583477, 21.12870785714286, 20.01667172289157, 18.90464083562823, 17.792612487091223, 16.68056792943202, 15.568567799483649, 14.456506963855425, 13.344480167814114, 12.232426753872636, 11.120396667814116, 10.008355417383822, 8.896309610154905, 7.784261941480207, 6.672216923407918, 5.5593073666092945, 4.448129579173838, 3.3360904122203103]}, {"cycle_num": 6, "V_exp": [1.7882397174835205, 1.8667502403259277, 1.950157642364502, 2.0365030765533447, 2.1225218772888184, 2.2067453861236572, 2.2886836528778076, 2.3680102825164795, 2.442929983139038, 2.514258861541748, 2.5811805725097656, 2.6438584327697754, 2.7032718658447266, 2.7595839500427246, 2.8139376640319824, 2.8668220043182373, 2.9185640811920166, 2.9699795246124268, 3.023027181625366, 3.0781967639923096, 3.1372838020324707, 3.202899694442749], "Q_exp": [26.689018064543895, 25.57696163511188, 24.46491122289157, 23.352873049053358, 22.24082483820999, 21.128785659208265, 20.016742440619623, 18.904700972461274, 17.792650037005167, 16.680611434595527, 15.568569021514634, 14.456531106712568, 13.344516709122205, 12.2324510989673, 11.120404797762479, 10.008375871772806, 8.896317872633391, 7.78429321342513, 6.672236985370052, 5.560171414802067, 4.448138454388984, 3.3361034027538734]}]}