{"composition": {"Li": 1.2, "Mn": 0.56, "Zr": 0.08, "Nb": 0.16, "O": 2.0}, "electrode_mass(g)": 0.00256, "active_mass(g)": 0.001792, "test_current(mA/g)": 200.0, "low_voltage(V)": 1.5, "high_voltage(V)": 4.7, "discharge_list_exp": [{"cycle_num": 1, "V_exp": [1.584614872932434, 1.6182500123977661, 1.6541600227355957, 1.6921824216842651, 1.7319921255111694, 1.7737517356872559, 1.816811203956604, 1.860845685005188, 1.905692458152771, 1.950864315032959, 1.9961986541748047, 2.041208028793335, 2.08589243888855, 2.1291143894195557, 2.171199083328247, 2.2116587162017822, 2.2504935264587402, 2.287703514099121, 2.3231258392333984, 2.356436014175415, 2.387796401977539, 2.4172067642211914, 2.4446675777435303, 2.471315622329712, 2.4955263137817383, 2.5181124210357666, 2.5395607948303223, 2.560196876525879, 2.579045534133911, 2.597569227218628, 2.6144680976867676, 2.6308794021606445, 2.6464784145355225, 2.6612648963928223, 2.675401449203491, 2.6890504360198975, 2.7018871307373047, 2.714073657989502, 2.7262604236602783, 2.7377970218658447, 2.7490086555480957, 2.759732961654663, 2.7706198692321777, 2.780694007873535, 2.79093074798584, 2.799867630004883, 2.8094544410705566, 2.818553924560547, 2.8273282051086426, 2.83594012260437, 2.844877004623413, 2.8534889221191406, 2.8619384765625, 2.8699002265930176, 2.8778622150421143, 2.8854992389678955, 2.8928112983703613, 2.9004483222961426, 2.908247709274292, 2.915559768676758, 2.9233591556549072, 2.930021047592163, 2.9368457794189453, 2.9436702728271484, 2.9504947662353516, 2.9573192596435547, 2.9639813899993896, 2.970155954360962, 2.9773054122924805, 2.983642339706421, 2.990466833114624, 2.9974539279937744, 3.004441022872925, 3.01045298576355, 3.0176024436950684, 3.0237770080566406, 3.029951572418213, 3.036776304244995, 3.0437631607055664, 3.050262689590454, 3.056762218475342, 3.0632617473602295, 3.0700864791870117, 3.076910972595215, 3.083897829055786, 3.0907225608825684, 3.0975470542907715, 3.1045339107513428, 3.1116836071014404, 3.1183454990386963, 3.1251699924468994, 3.1326444149017334, 3.139794111251831, 3.1469435691833496, 3.1550679206848145, 3.162867307662964, 3.1708292961120605, 3.1789538860321045, 3.185940742492676, 3.194390296936035, 3.2028396129608154, 3.211451530456543, 3.219738483428955, 3.228025436401367, 3.2366373538970947, 3.2445993423461914, 3.254023551940918, 3.2640979290008545, 3.2738471031188965, 3.2835965156555176, 3.293670892715454, 3.304232597351074, 3.3143069744110107, 3.325031042098999, 3.3351054191589355, 3.3456671237945557, 3.3575289249420166, 3.369065523147583, 3.3804397583007812, 3.392301321029663, 3.4044880867004395, 3.4173247814178467, 3.4299988746643066, 3.4420230388641357, 3.4551844596862793, 3.4688336849212646, 3.482482671737671, 3.496131658554077, 3.5097806453704834, 3.5247297286987305, 3.539353609085083, 3.5544650554656982, 3.569901466369629, 3.586475372314453, 3.601911783218384, 3.6196231842041016, 3.636359453201294, 3.6539082527160645, 3.672106981277466, 3.690793037414551, 3.7112667560577393, 3.7330400943756104, 3.7553012371063232, 3.7801618576049805, 3.8077850341796875, 3.8383328914642334], "Q_exp": [164.67839489174108, 163.56566097879465, 162.45295873381696, 161.34024776116073, 160.2282535078125, 159.11554820535716, 158.00300362555802, 156.8902788125, 155.7786501171875, 154.6660005217634, 153.55321393861607, 152.44135516183036, 151.3286235736607, 150.2159164905134, 149.1032020669643, 147.99048687276786, 146.8777755189732, 145.76506581919642, 144.6523419386161, 143.53960280747768, 142.42692751171873, 141.31420865178572, 140.2014974938616, 139.08880442410714, 137.97608662611609, 136.86336918694195, 135.7506560998884, 134.63794517801338, 133.5252365267857, 132.41252962723212, 131.29980434151787, 130.187098375, 129.07438841517856, 127.96170439843749, 126.84893905412947, 125.73624178515624, 124.62353059151786, 123.51077368470982, 122.39808189453126, 121.28536532533482, 120.17264722321428, 119.05991770703126, 117.94719672935268, 116.83448050390624, 115.72174800000002, 114.60903623716517, 113.49630872154017, 112.38358921875, 111.2708715686384, 110.15815362611607, 109.04542797935268, 107.93269181863839, 106.8199668716518, 105.70837464508928, 104.59589991127233, 103.48316201785715, 102.37045127678572, 101.25773015345982, 100.1449795530134, 99.03228623325893, 97.91955911216519, 96.80680145870535, 95.69411244866072, 94.58138818526785, 93.46866562388392, 92.35594936328124, 91.24323172488839, 90.13050184263393, 89.01778790066963, 87.90507520535715, 86.79235235937499, 85.67961883147322, 84.56688624665179, 83.4541518264509, 82.34142837388393, 81.22870725223216, 80.11597737890627, 79.00324812109376, 77.8905055797991, 76.7777828811384, 75.66504503013392, 74.55233075000001, 73.43959217075893, 72.32687695870537, 71.21413059877231, 70.10227422935269, 68.98953317522322, 67.87680917131696, 66.76407718638393, 65.65134630747768, 64.53861928125, 63.42588156863839, 62.31316103013393, 61.20042396372768, 60.08769664787946, 58.97498824665178, 57.86224437388393, 56.74950689955357, 55.63678364118303, 54.52405254464286, 53.41132209654018, 52.29858872823661, 51.185853463727675, 50.07313756305803, 48.960400891183035, 47.84764532421875, 46.73493426618304, 45.622204775111605, 44.509472803571434, 43.39675062834821, 42.28401557477679, 41.171280668526784, 40.05855444363839, 38.945823359375, 37.83308654687501, 36.720350953125, 35.607614515624995, 34.494882379464286, 33.38213534151786, 32.269396872209825, 31.15666080245536, 30.04392610714286, 28.931193183593752, 27.818459936941963, 26.705707934151786, 25.592970966517857, 24.480233894531253, 23.367500303013394, 22.254751852678574, 21.142018143415182, 20.02926285546875, 18.91652547098214, 17.803784193080357, 16.691051253906252, 15.578315031808035, 14.465579142299108, 13.352834747767858, 12.240096950892857, 11.12737015234375, 10.01461787890625, 8.901882216517857, 7.7891488844866075, 6.676414890625001, 5.563679997209822, 4.450936029575893, 3.3382028934151786]}]}