{"composition": {"Li": 1.2, "Mn": 0.48, "Zr": 0.24, "Nb": 0.08, "O": 2.0}, "electrode_mass(g)": 0.00289, "active_mass(g)": 0.002023, "test_current(mA/g)": 200.0, "low_voltage(V)": 1.5, "high_voltage(V)": 4.7, "discharge_list_exp": [{"cycle_num": 1, "V_exp": [1.6033200025558472, 1.6487081050872803, 1.6957287788391113, 1.7443822622299194, 1.794505000114441, 1.8457707166671753, 1.8975261449813843, 1.9492816925048828, 2.001363515853882, 2.0529558658599854, 2.103405237197876, 2.1532013416290283, 2.2012016773223877, 2.247406244277954, 2.2914881706237793, 2.333610773086548, 2.3732845783233643, 2.410346031188965, 2.444632053375244, 2.476958751678467, 2.5069997310638428, 2.5349183082580566, 2.560877799987793, 2.5848779678344727, 2.6070821285247803, 2.628143548965454, 2.6478986740112305, 2.666511058807373, 2.6844704151153564, 2.7011237144470215, 2.7171237468719482, 2.732797384262085, 2.747654676437378, 2.762022018432617, 2.775899648666382, 2.789613962173462, 2.8028385639190674, 2.815736770629883, 2.82798171043396, 2.840226650238037, 2.852145195007324, 2.863737106323242, 2.875002384185791, 2.8861045837402344, 2.8965535163879395, 2.9073290824890137, 2.9174516201019287, 2.9272477626800537, 2.936880350112915, 2.9460232257843018, 2.9554927349090576, 2.9649622440338135, 2.97377872467041, 2.9822685718536377, 2.9910848140716553, 2.999574661254883, 3.007901191711426, 3.0160646438598633, 3.024554491043091, 3.0325546264648438, 3.0410444736480713, 3.048717975616455, 3.056391477584839, 3.0643913745880127, 3.0720651149749756, 3.079901695251465, 3.087738513946533, 3.0955753326416016, 3.1032488346099854, 3.1112489700317383, 3.118922472000122, 3.126595973968506, 3.1342694759368896, 3.1422696113586426, 3.1505961418151855, 3.1589226722717285, 3.167412519454956, 3.1755759716033936, 3.1839025020599365, 3.192065954208374, 3.200065851211548, 3.2088823318481445, 3.2175354957580566, 3.226841688156128, 3.23582124710083, 3.245290756225586, 3.254760265350342, 3.263739824295044, 3.2733726501464844, 3.283331871032715, 3.29378080368042, 3.3040666580200195, 3.3148422241210938, 3.324964761734009, 3.336066961288452, 3.346679210662842, 3.3584344387054443, 3.3700263500213623, 3.382107973098755, 3.3938632011413574, 3.406271457672119, 3.4191694259643555, 3.431577682495117, 3.4444758892059326, 3.4583535194396973, 3.4719045162200928, 3.486272096633911, 3.5012924671173096, 3.5164763927459717, 3.531986713409424, 3.547823429107666, 3.5638234615325928, 3.580476760864258, 3.5976197719573975, 3.6154158115386963, 3.634354591369629, 3.6537833213806152, 3.6746814250946045, 3.6970489025115967, 3.72186541557312, 3.7489676475524902, 3.7799882888793945, 3.816070318222046], "Q_exp": [139.09617398171034, 137.9833970326248, 136.8706208937222, 135.75785897627284, 134.6450681413742, 133.53229655709342, 132.41952175086504, 131.30675107365298, 130.19398328126545, 129.0812100296589, 127.9684379911023, 126.85566300543746, 125.74288403509637, 124.6301064048443, 123.51733061888284, 122.40455732921404, 121.29178549925852, 120.1790240899654, 119.0662466529906, 117.95346589322787, 116.84069486307463, 115.72792666732575, 114.61515391942659, 113.50241337518537, 112.38961125852694, 111.27683794364803, 110.1640771893228, 109.05130134404351, 107.93853112753337, 106.82575249036084, 105.71297702718735, 104.6002025269402, 103.48742951705388, 102.37465471280275, 101.26187294414237, 100.14910038556599, 99.03633402125556, 97.92354997034107, 96.8107721290163, 95.69800677063766, 94.58522501038063, 93.47244920168067, 92.3596729901137, 91.24690014087987, 90.1341175304004, 89.02134299604548, 87.90856595452298, 86.7957930800791, 85.68301154078102, 84.57023084379634, 83.45744962876915, 82.34467317152743, 81.23189707019277, 80.11912013049925, 79.00634862184874, 77.89357733811171, 76.7808105981216, 75.6680256495304, 74.55524555215028, 73.44246556154225, 72.32968746564508, 71.2169103311913, 70.10413633514582, 68.99135804300543, 67.8785869421651, 66.76580680672268, 65.65303200197725, 64.54025716608996, 63.42748768709837, 62.3147079935739, 61.20192815373208, 60.089150601087496, 58.97637531240732, 57.86359354572417, 56.750818421651005, 55.63804717548196, 54.52527141720218, 53.41250098517054, 52.29972737518536, 51.18694675679683, 50.07416298517053, 48.96139458675235, 47.848610917449335, 46.73583577558082, 45.623050831438455, 44.51027415224913, 43.39749610677212, 42.28472616213545, 41.171943854176966, 40.059165888284724, 38.94725078447849, 37.83447461937716, 36.72169930004943, 35.60891642214533, 34.496145689075625, 33.38337493821058, 32.270592192783, 31.157812636183888, 30.04503604053386, 28.932253948096882, 27.81947214532872, 26.70669392387543, 25.593915993079584, 24.481133320316363, 23.368352860108747, 22.255573852694017, 21.142795545229852, 20.030020735541274, 18.917244244191796, 17.804460278793872, 16.691676568956993, 15.578897916955018, 14.466117557093426, 13.353338189817102, 12.240555028670292, 11.127776444883837, 10.01499913989125, 8.902223051903112, 7.789441912506178, 6.67666123282254, 5.56387396045477, 4.4510944532871966, 3.3383444626791894]}]}